[
  {
    "id": "1",
    "name": "Mercedes-Benz 300SL",
    "category": "sports car",
    "description": "This Mercedes-Benz model is a classic sports car. It’s also a 2-door coupe, which means it’ll work perfectly for taking your girlfriend on a ride. It comes with a 2996 cc engine, responsible for producing over 212 hp. The 300SL also has an interesting history. In the 1950s, when it was launched in the US, it was predicted it would be the race car of the streets, and yet it somehow managed to become a real racecar. It’s true that the manufacturers performed some modifications in order for this to happen, but the 300SL won the 24 Hours of Le Mans and the Eifelrennen, two racing competitions of 1952.",
    "image": "https://8096-presscdn-0-23-pagely.netdna-ssl.com/wp-content/uploads/2015/02/1955-1963-Mercedes-Benz-300SL-Gullwing.jpg",
    "price": 50000,
    "year": 1955,
    "related_ids": ["3","4","5"]
  },
  {
    "id": "2",
    "name": "Citroen DS",
    "category": "luxury car",
    "description": "The Citroen DS is yet another vintage car one absolutely must own. It’s classified as a mid-size luxury car and it comes in 3 variants: a 4-door sedan, a 5-door station wagon and a 2-door convertible. Whatever the model you choose, you’ll get engines between 1.9 L and 2.34 L. At the time it was launched, Europe was still trying to recover from WWII, which unfortunately came in the way of sales success. Citroen are even now known for their high price, which is why the French manufacturer had to introduce a different and cheaper model, the ID (1957).",
    "image": "https://8096-presscdn-0-23-pagely.netdna-ssl.com/wp-content/uploads/2015/02/1955-1975-Citroen-DS.jpg",
    "price": 50000,
    "year": 1955,
    "related_ids": []
  },
  {
    "id": "3",
    "name": "Lamborghini Countach",
    "category": "sports car",
    "description": "Moving on to sunnier sides, now, with the impressive Lamborghini Countach. It may look a little kitschy now, but back in the 80s, this 2-door sports coupe made girls shiver. It’s big, it’s fast, and it’s cool. It was also a limited edition high performance vehicle, which is yet another reason for its popularity. Sports Car International called it one of the Top Sports Cars of the 1970s.",
    "image": "https://8096-presscdn-0-23-pagely.netdna-ssl.com/wp-content/uploads/2015/02/1974-1989-Lamborghini-Countach.jpg",
    "price": 50000,
    "year": 1974,
    "related_ids": ["1","4","5"]
  },
  {
    "id": "4",
    "name": "Toyota 2000GT",
    "category": "sports car",
    "description": "Toyota and Yamaha joined forces to design this wonderful model. The initial plans were put together by a famous German designer, Albrecht Goertz, who had previously worked for Nissan. The car is considered to be a classic automobile thanks to its exterior and interior features. The 2000GT engine was a 2.0 L straight-6, responsible for producing a horsepower of 150. Although it wasn’t initially produced for it, the vehicle joined the 1967 Fuji 24-Hour Race competition and successfully won it.",
    "image": "https://8096-presscdn-0-23-pagely.netdna-ssl.com/wp-content/uploads/2015/02/1967-1970-Toyota-2000GT.jpg",
    "price": 50000,
    "year": 1967,
    "related_ids": ["1","3","5"]
  },
  {
    "id": "5",
    "name": "BMW 507",
    "category": "sports car",
    "description": "German car aficionados can rejoice. This vintage automobile was a grand touring car, which could be purchased in 2 variants: as a 4-seat coupe or a 2-seat convertible. Standing behind the design of this vehicle was also Albrecht Goertz, which we mentioned earlier as being the creator of the Toyota GT2000 model. Even though the 507 should have had a price of approximately $5,000, after shipping and handling, the model ended up costing more than $10,000 in the US. Consequently, only 252 units were sold on the American market.",
    "image": "https://8096-presscdn-0-23-pagely.netdna-ssl.com/wp-content/uploads/2015/02/1956-1959-BMW-507.jpg",
    "price": 50000,
    "year": 1956,
    "related_ids": ["1","3","4"]
  },
  {
    "id": "6",
    "name": "Volkswagen 1200 Cabriolet",
    "category": "convertible",
    "description": "Although the Beetle Cabriolet started production in 1949, it was only towards the 1960s that it became popular. Unfortunately, it’s also around this time that the brand started facing serious competition from other acclaimed American brands, such as Chevrolet and Ford. This beautiful four-seated convertible is known to be among the last models of Beetle ever to have been produced and successfully sold, regardless of its harsh competition.",
    "image": "https://8096-presscdn-0-23-pagely.netdna-ssl.com/wp-content/uploads/2015/02/1960-Volkswagen-1200-Cabriolet.jpg",
    "price": 50000,
    "year": 1960,
    "related_ids": []
  }
]